"QALD id","match status","QALD question","QueGG question","QALD SPARQL query","QueGG SPARQL query","TP","FP","FN","Precision","Recall","F-Measure"
"1","0.6363636363636364","List all the musicals with music by Elton John.","""List all the with music  Elton John""","PREFIX dbo: <http://dbpedia.org/ontology/>PREFIX res: <http://dbpedia.org/resource/>PREFIX rdf: <http://www.w3.org/1999/02/22-rdf-syntax-ns#> SELECT DISTINCT ?uriWHERE {         ?uri rdf:type dbo:Musical .        ?uri dbo:musicBy res:Elton_John .}","""select  ?s    {   ?s <http://dbpedia.org/ontology/musicBy>  <http://dbpedia.org/resource/Elton_John> .    }""","4.0","0.0","0.0","1.0","1.0","1.0"
"2","0.0","How high is the lighthouse in Colombo?","","SELECT DISTINCT ?num WHERE {  <http://dbpedia.org/resource/Colombo_Lighthouse> <http://dbpedia.org/ontology/height> ?num . } ","","0.0","0.0","1.0","0.0","0.0","0.0"
"3","0.0","Who was the wife of U.S. president Lincoln?","","PREFIX dbo: <http://dbpedia.org/ontology/>PREFIX res: <http://dbpedia.org/resource/>SELECT DISTINCT ?uri WHERE {	res:Abraham_Lincoln dbo:spouse ?uri.}","","0.0","0.0","1.0","0.0","0.0","0.0"
"4","0.5454545454545454","Who is the host of the BBC Wildlife Specials?","""Who is the honor  BBC Wildlife Specials""","SELECT DISTINCT ?uri WHERE { <http://dbpedia.org/resource/BBC_Wildlife_Specials> <http://dbpedia.org/ontology/presenter> ?uri . }","""select  ?o    {    <http://dbpedia.org/resource/BBC_Wildlife_Specials> <http://dbpedia.org/ontology/presenter>  ?o .   ?o <http://www.w3.org/1999/02/22-rdf-syntax-ns#type>  <http://dbpedia.org/ontology/TelevisionShow> .    }""","1.0","0.0","0.0","1.0","1.0","1.0"
"5","0.0","How much did Pulp Fiction cost?","","SELECT DISTINCT ?n WHERE {  <http://dbpedia.org/resource/Pulp_Fiction> <http://dbpedia.org/ontology/budget> ?n . } ","","0.0","0.0","1.0","0.0","0.0","0.0"
"6","0.7777777777777778","In what city is the Heineken brewery?","In what city is the Heineken International?","SELECT DISTINCT ?uri WHERE { <http://dbpedia.org/resource/Heineken> <http://dbpedia.org/ontology/manufacturer> ?x . ?x <http://dbpedia.org/ontology/locationCity> ?uri . }","SELECT ?o WHERE { <http://dbpedia.org/resource/Heineken_International> <http://dbpedia.org/ontology/locationCity> ?o }","0.0","1.0","1.0","0.0","0.0","0.0"
"7","0.7142857142857143","When did Operation Overlord commence?","""When did Operation Overlord occurred?""","SELECT DISTINCT ?d WHERE { <http://dbpedia.org/resource/Operation_Overlord> <http://dbpedia.org/ontology/date> ?d . } ","""select  ?o    {    <http://dbpedia.org/resource/Operation_Overlord> <http://dbpedia.org/ontology/date>  ?o .    }""","1.0","0.0","0.0","1.0","1.0","1.0"
"8","0.7272727272727273","In which city does the Chile Route 68 end?","""in which city does Chile Route 68 running?""","SELECT DISTINCT ?uri WHERE {  <http://dbpedia.org/resource/Chile_Route_68> <http://dbpedia.org/ontology/routeEnd> ?uri . } ","""select  ?o    {    <http://dbpedia.org/resource/Chile_Route_68> <http://dbpedia.org/ontology/routeEnd>  ?o .    }""","1.0","0.0","0.0","1.0","1.0","1.0"
"9","0.6","Who developed Slack?","""Who developed DBpedia?""","SELECT DISTINCT ?uri WHERE { ?uri <http://dbpedia.org/ontology/product> <http://dbpedia.org/resource/Slack_(software)> . }","""select  ?o    {    <http://dbpedia.org/resource/DBpedia> <http://dbpedia.org/ontology/developer>  ?o .    }""","0.0","3.0","1.0","0.0","0.0","0.0"
"10","0.0","Who was married to president Chirac?","","PREFIX dbo: <http://dbpedia.org/ontology/> PREFIX res: <http://dbpedia.org/resource/> SELECT DISTINCT ?uriWHERE {          res:Jacques_Chirac dbo:spouse ?uri .}","","0.0","0.0","1.0","0.0","0.0","0.0"
"11","0.0","What did Bruce Carver die from?","","PREFIX res: <http://dbpedia.org/resource/>PREFIX dbo: <http://dbpedia.org/ontology/>SELECT DISTINCT ?uriWHERE {        res:Bruce_Carver dbo:deathCause ?uri .     }","","0.0","0.0","1.0","0.0","0.0","0.0"
"12","1.0","Who painted The Storm on the Sea of Galilee?","""Who painted The Storm on the Sea of Galilee?""","PREFIX dbp: <http://dbpedia.org/property/>PREFIX res: <http://dbpedia.org/resource/>SELECT DISTINCT ?uri WHERE {	res:The_Storm_on_the_Sea_of_Galilee dbp:artist ?uri .}","""select  ?o    {    <http://dbpedia.org/resource/The_Storm_on_the_Sea_of_Galilee> <http://dbpedia.org/property/artist>  ?o .    }""","1.0","0.0","0.0","1.0","1.0","1.0"
"13","0.0","Which cities does the Weser flow through?","","SELECT DISTINCT ?uri WHERE {  <http://dbpedia.org/resource/Weser> <http://dbpedia.org/ontology/city> ?uri . } ","","0.0","0.0","7.0","0.0","0.0","0.0"
"14","0.0","How many seats does the home stadium of FC Porto have?","","SELECT DISTINCT ?n WHERE { <http://dbpedia.org/resource/FC_Porto> <http://dbpedia.org/ontology/ground> ?x . ?x <http://dbpedia.org/ontology/seatingCapacity> ?n . } ","","0.0","0.0","1.0","0.0","0.0","0.0"
"15","0.0","Who is the daughter of Robert Kennedy married to?","","SELECT DISTINCT ?uri WHERE {  <http://dbpedia.org/resource/Robert_F._Kennedy> <http://dbpedia.org/ontology/child> ?child .  ?child <http://dbpedia.org/ontology/spouse> ?uri . } ","","0.0","0.0","1.0","0.0","0.0","0.0"
"16","0.0","Which books by Kerouac were published by Viking Press?","","SELECT DISTINCT ?uri WHERE {  ?uri <http://www.w3.org/1999/02/22-rdf-syntax-ns#type> <http://dbpedia.org/ontology/Book> .  ?uri <http://dbpedia.org/ontology/publisher> <http://dbpedia.org/resource/Viking_Press> .  ?uri <http://dbpedia.org/ontology/author> <http://dbpedia.org/resource/Jack_Kerouac> . } ","","0.0","0.0","29.0","0.0","0.0","0.0"
"17","0.0","How tall is Amazon Eve?","","SELECT DISTINCT ?height WHERE {  <http://dbpedia.org/resource/Amazon_Eve> <http://dbpedia.org/ontology/height> ?height . } ","","0.0","0.0","1.0","0.0","0.0","0.0"
"18","0.0","Which museum exhibits The Scream by Munch?","","PREFIX dbo: <http://dbpedia.org/ontology/>PREFIX res: <http://dbpedia.org/resource/>SELECT DISTINCT ?uriWHERE {       res:The_Scream dbo:museum ?uri .}","","0.0","0.0","1.0","0.0","0.0","0.0"
"19","0.0","Who wrote the book Les Piliers de la terre?","","PREFIX dbo: <http://dbpedia.org/ontology/>PREFIX res: <http://dbpedia.org/resource/>SELECT DISTINCT ?uri WHERE {	res:The_Pillars_of_the_Earth dbo:author ?uri .}","","0.0","0.0","1.0","0.0","0.0","0.0"
"20","0.0","Is James Bond married?","","PREFIX dbo: <http://dbpedia.org/ontology/>PREFIX res: <http://dbpedia.org/resource/>ASK WHERE {        res:James_Bond dbo:spouse ?uri . }","","0.0","0.0","1.0","0.0","0.0","0.0"
"21","0.0","Who discovered Ceres?","","SELECT DISTINCT ?uri WHERE { <http://dbpedia.org/resource/Ceres_(dwarf_planet)> <http://dbpedia.org/ontology/discoverer> ?uri . }","","0.0","0.0","1.0","0.0","0.0","0.0"
"22","0.6666666666666666","Which river does the Brooklyn Bridge cross?","""Which river does Brooklyn Bridge crossing?""","PREFIX dbo: <http://dbpedia.org/ontology/>PREFIX res: <http://dbpedia.org/resource/>SELECT DISTINCT ?uriWHERE {               res:Brooklyn_Bridge dbo:crosses ?uri . }","""select  ?o    {    <http://dbpedia.org/resource/Brooklyn_Bridge> <http://dbpedia.org/ontology/crosses>  ?o .    }""","1.0","0.0","0.0","1.0","1.0","1.0"
"23","0.0","Who was called Frank The Tank?","","PREFIX dbp: <http://dbpedia.org/property/> SELECT DISTINCT ?uri WHERE {         ?uri dbp:nickname 'Frank The Tank'@en . }","","0.0","0.0","1.0","0.0","0.0","0.0"
"24","0.5555555555555556","What is the largest country in the world?","""What country is Mecca in?""","SELECT DISTINCT ?uri WHERE { ?uri a <http://dbpedia.org/ontology/Country> . ?uri <http://dbpedia.org/ontology/areaTotal> ?n . } ORDER BY DESC(?n) OFFSET 0 LIMIT 1","""select  ?o    {    <http://dbpedia.org/resource/Mecca> <http://dbpedia.org/ontology/country>  ?o .   ?o <http://www.w3.org/1999/02/22-rdf-syntax-ns#type>  <http://dbpedia.org/ontology/City> .    }""","0.0","0.0","1.0","0.0","0.0","0.0"
"25","0.0","Who is the mayor of Paris?","","SELECT DISTINCT ?uri WHERE { <http://dbpedia.org/resource/Paris> <http://dbpedia.org/ontology/mayor> ?uri . }","","0.0","0.0","1.0","0.0","0.0","0.0"
"26","0.0","Who is the coach of Ankara's ice hockey team?","","SELECT DISTINCT ?uri WHERE { ?x <http://dbpedia.org/ontology/city> <http://dbpedia.org/resource/Ankara> . ?x <http://dbpedia.org/ontology/league> <http://dbpedia.org/resource/Turkish_Ice_Hockey_First_League> . ?x <http://dbpedia.org/ontology/coach> ?uri . }","","0.0","0.0","1.0","0.0","0.0","0.0"
"27","0.0","Who is the mayor of the capital of French Polynesia?","","PREFIX dbo: <http://dbpedia.org/ontology/>PREFIX res: <http://dbpedia.org/resource/>SELECT DISTINCT ?uri WHERE {         res:French_Polynesia dbo:capital ?x .        ?x dbo:mayor ?uri .}","","0.0","0.0","1.0","0.0","0.0","0.0"
"28","0.75","Which awards did Douglas Hofstadter win?","""Which awards did Douglas Hofstadter received?""","PREFIX res: <http://dbpedia.org/resource/>PREFIX dbo: <http://dbpedia.org/ontology/>SELECT DISTINCT ?uriWHERE {        res:Douglas_Hofstadter dbo:award ?uri .}","""select  ?o    {    <http://dbpedia.org/resource/Douglas_Hofstadter> <http://dbpedia.org/ontology/award>  ?o .    }""","3.0","0.0","0.0","1.0","1.0","1.0"
"29","0.7777777777777778","How much did the Lego Movie cost?","""How much did The Lego Movie held?""","SELECT DISTINCT ?n WHERE { <http://dbpedia.org/resource/The_Lego_Movie> <http://dbpedia.org/ontology/budget> ?n . } ","""select  ?o    {    <http://dbpedia.org/resource/The_Lego_Movie> <http://dbpedia.org/ontology/budget>  ?o .   ?o <http://www.w3.org/1999/02/22-rdf-syntax-ns#type>  <http://dbpedia.org/ontology/Film> .    }""","1.0","0.0","0.0","1.0","1.0","1.0"
"30","0.0","Where does Piccadilly start?","","SELECT DISTINCT ?uri WHERE { ?uri <http://dbpedia.org/ontology/routeStart> <http://dbpedia.org/resource/Piccadilly>. } ","","0.0","0.0","1.0","0.0","0.0","0.0"
"31","0.0","Do Prince Harry and Prince William have the same parents?","","PREFIX dbo: <http://dbpedia.org/ontology/> ASKWHERE {         <http://dbpedia.org/resource/Prince_William,_Duke_of_Cambridge> dbo:parent ?x .         <http://dbpedia.org/resource/Prince_Harry> dbo:parent ?x .}","","0.0","0.0","1.0","0.0","0.0","0.0"
"32","0.625","Who played Agent Smith in Matrix?","""what played in Agent Smith?""","PREFIX dbp: <http://dbpedia.org/property/>PREFIX res: <http://dbpedia.org/resource/>SELECT DISTINCT ?uriWHERE {         res:Agent_Smith dbp:portrayer ?uri . }","""select  ?o    {    <http://dbpedia.org/resource/Agent_Smith> <http://dbpedia.org/property/portrayer>  ?o .    }""","2.0","0.0","0.0","1.0","1.0","1.0"
"33","1.0","How many languages are spoken in Turkmenistan?","How many languages are spoken in Turkmenistan?","SELECT (COUNT(DISTINCT ?x) as ?c) WHERE {  <http://dbpedia.org/resource/Turkmenistan> <http://dbpedia.org/ontology/language> ?x . } ","select (COUNT(distinct ?objOfProp) as ?c) Where { <http://dbpedia.org/resource/Turkmenistan> <http://dbpedia.org/ontology/language> ?objOfProp . }","1.0","0.0","0.0","1.0","1.0","1.0"
"34","0.0","In which films did Julia Roberts as well as Richard Gere play?","","SELECT DISTINCT ?uri WHERE {  ?uri <http://www.w3.org/1999/02/22-rdf-syntax-ns#type> <http://dbpedia.org/ontology/Film> .  ?uri <http://dbpedia.org/ontology/starring> <http://dbpedia.org/resource/Julia_Roberts> .  ?uri <http://dbpedia.org/ontology/starring> <http://dbpedia.org/resource/Richard_Gere> . } ","","0.0","0.0","39.0","0.0","0.0","0.0"
"35","0.0","In which country does the Ganges start?","","PREFIX dbo: <http://dbpedia.org/ontology/> PREFIX res: <http://dbpedia.org/resource/> SELECT DISTINCT ?uri WHERE {         res:Ganges dbo:sourceCountry ?uri .}","","0.0","0.0","1.0","0.0","0.0","0.0"
"36","1.0","In which year was Rachel Stevens born?","""in which year was Rachel Stevens born?""","SELECT DISTINCT ?uri WHERE {  <http://dbpedia.org/resource/Rachel_Stevens> <http://dbpedia.org/ontology/birthYear> ?uri . } ","""select  ?o    {    <http://dbpedia.org/resource/Rachel_Stevens> <http://dbpedia.org/ontology/birthYear>  ?o .    }""","1.0","0.0","0.0","1.0","1.0","1.0"
"37","0.0","Is Barack Obama a democrat?","","PREFIX dbo: <http://dbpedia.org/ontology/>PREFIX res: <http://dbpedia.org/resource/>ASKWHERE {         res:Barack_Obama dbo:party <http://dbpedia.org/resource/Democratic_Party_(United_States)> . }","","0.0","0.0","1.0","0.0","0.0","0.0"
"38","0.7142857142857143","Where was Bach born?","""Where was Johann Sebastian Bach born?""","PREFIX dbo: <http://dbpedia.org/ontology/>PREFIX res: <http://dbpedia.org/resource/>SELECT DISTINCT ?uri WHERE {        res:Johann_Sebastian_Bach dbo:birthPlace ?uri .}","""select  ?o    {    <http://dbpedia.org/resource/Johann_Sebastian_Bach> <http://dbpedia.org/ontology/birthPlace>  ?o .    }""","1.0","0.0","0.0","1.0","1.0","1.0"
"39","0.0","How often did Jane Fonda marry?","","SELECT (COUNT(DISTINCT ?uri) as ?c) WHERE {  <http://dbpedia.org/resource/Jane_Fonda> <http://dbpedia.org/ontology/spouse> ?uri . } ","","0.0","0.0","1.0","0.0","0.0","0.0"
"40","0.0","Who was the first to climb Mount Everest?","","PREFIX res: <http://dbpedia.org/resource/>PREFIX dbo: <http://dbpedia.org/ontology/>SELECT DISTINCT ?uriWHERE {          res:Mount_Everest dbo:firstAscentPerson ?uri . }","","0.0","0.0","4.0","0.0","0.0","0.0"
"41","0.0","How many people live in Poland?","","SELECT DISTINCT ?uri WHERE { <http://dbpedia.org/resource/Poland> <http://dbpedia.org/ontology/populationTotal> ?uri . }  ","","0.0","0.0","1.0","0.0","0.0","0.0"
"42","0.0","What is the location of the Houses of Parliament?","","SELECT ?uri WHERE {  <http://dbpedia.org/resource/Palace_of_Westminster> <http://dbpedia.org/ontology/location> ?uri . } ","","0.0","0.0","3.0","0.0","0.0","0.0"
"43","0.0","Is Christian Bale starring in Batman Begins?","","PREFIX dbo: <http://dbpedia.org/ontology/>PREFIX res: <http://dbpedia.org/resource/>ASK WHERE {	res:Batman_Begins dbo:starring res:Christian_Bale .}","","0.0","0.0","1.0","0.0","0.0","0.0"
"44","1.0","In which country is the Limerick Lake?","""in which country is the Limerick Lake?""","PREFIX dbo: <http://dbpedia.org/ontology/>PREFIX res: <http://dbpedia.org/resource/>SELECT DISTINCT ?uri WHERE { 	res:Limerick_Lake dbo:country ?uri .}","""select  ?o    {    <http://dbpedia.org/resource/Limerick_Lake> <http://dbpedia.org/ontology/country>  ?o .   ?o <http://www.w3.org/1999/02/22-rdf-syntax-ns#type>  <http://dbpedia.org/ontology/City> .    }""","0.0","0.0","1.0","0.0","0.0","0.0"
"45","0.0","What was the last movie with Alec Guinness?","","SELECT DISTINCT ?uri WHERE {  ?uri <http://www.w3.org/1999/02/22-rdf-syntax-ns#type> <http://dbpedia.org/ontology/Film> .  ?uri <http://dbpedia.org/ontology/starring> <http://dbpedia.org/resource/Alec_Guinness> .  ?uri <http://dbpedia.org/ontology/releaseDate> ?date . } ORDER BY DESC(?date) LIMIT 1 ","","0.0","0.0","1.0","0.0","0.0","0.0"
"46","0.0","What is the highest mountain in Australia?","","PREFIX dbo: <http://dbpedia.org/ontology/>PREFIX res: <http://dbpedia.org/resource/>PREFIX rdf: <http://www.w3.org/1999/02/22-rdf-syntax-ns#>SELECT DISTINCT ?uri WHERE {	?uri rdf:type dbo:Mountain .        ?uri dbo:locatedInArea res:Australia .        ?uri dbo:elevation ?elevation .} ORDER BY DESC(?elevation) LIMIT 1","","0.0","0.0","1.0","0.0","0.0","0.0"
"47","0.0","Is Frank Herbert still alive?","","PREFIX dbo: <http://dbpedia.org/ontology/>PREFIX res: <http://dbpedia.org/resource/>ASK WHERE {	OPTIONAL { res:Frank_Herbert dbo:deathDate ?date . }        FILTER (!BOUND(?date))}","","0.0","0.0","1.0","0.0","0.0","0.0"
"48","0.0","Who created Family Guy?","","SELECT DISTINCT ?uri WHERE { <http://dbpedia.org/resource/Family_Guy> <http://dbpedia.org/ontology/creator> ?uri . }  ","","0.0","0.0","1.0","0.0","0.0","0.0"
"49","0.0","What is the official language of Suriname?","","PREFIX dbo: <http://dbpedia.org/ontology/>PREFIX res: <http://dbpedia.org/resource/>SELECT DISTINCT ?uriWHERE {         res:Suriname dbo:officialLanguage ?uri .}","","0.0","0.0","1.0","0.0","0.0","0.0"
"50","0.625","Who wrote the song Hotel California?","""the song  Hotel California?""","SELECT DISTINCT ?uri WHERE { <http://dbpedia.org/resource/Hotel_California> <http://dbpedia.org/ontology/writer> ?uri . }","""select  ?o    {    <http://dbpedia.org/resource/Hotel_California> <http://dbpedia.org/ontology/writer>  ?o .    }""","3.0","0.0","0.0","1.0","1.0","1.0"
"51","0.0","Give me all actors starring in movies directed by William Shatner.","","SELECT DISTINCT ?uri WHERE {  ?x <http://dbpedia.org/ontology/director> <http://dbpedia.org/resource/William_Shatner> .  ?x <http://dbpedia.org/ontology/starring> ?uri . } ","","0.0","0.0","18.0","0.0","0.0","0.0"
"52","0.0","What is in a chocolate chip cookie?","","SELECT DISTINCT ?uri WHERE { <http://dbpedia.org/resource/Chocolate_chip_cookie> <http://dbpedia.org/ontology/ingredient> ?uri . }","","0.0","0.0","10.0","0.0","0.0","0.0"
"53","0.6666666666666666","Give me all professional skateboarders from Sweden.","Give me all professional Swedish skateboarders.","PREFIX dbo: <http://dbpedia.org/ontology/>PREFIX dbp: <http://dbpedia.org/property/>PREFIX res: <http://dbpedia.org/resource/>SELECT DISTINCT ?uri WHERE {	?uri dbo:occupation res:Skateboarding .         { ?uri dbo:birthPlace res:Sweden . }        UNION        { ?uri dbo:birthPlace ?place .           ?place dbo:country res:Sweden . }}","SELECT ?s WHERE {  ?s <http://dbpedia.org/ontology/occupation> <http://dbpedia.org/resource/Skateboarding> .     ?s  <http://dbpedia.org/ontology/birthPlace> <http://dbpedia.org/resource/Sweden> . }","0.0","1.0","2.0","0.0","0.0","0.0"
"54","0.0","Which ingredients do I need for carrot cake?","","SELECT DISTINCT ?uri WHERE {  <http://dbpedia.org/resource/Carrot_cake> <http://dbpedia.org/ontology/ingredient> ?uri . } ","","0.0","0.0","9.0","0.0","0.0","0.0"
"55","0.0","Does Neymar play for Real Madrid?","","ASK WHERE { <http://dbpedia.org/resource/Neymar> <http://dbpedia.org/ontology/team> <http://dbpedia.org/resource/Real_Madrid_C.F.> . }","","0.0","0.0","1.0","0.0","0.0","0.0"
"56","0.0","Which computer scientist won an oscar?","","SELECT DISTINCT ?uri WHERE { { ?uri <http://dbpedia.org/ontology/field> <http://dbpedia.org/resource/Computer_science> . } UNION { ?uri <http://purl.org/dc/elements/1.1/description> ?s . FILTER regex(?s,'computer scientist','i') } ?uri <http://dbpedia.org/ontology/award> <http://dbpedia.org/resource/Academy_Awards> . } ","","0.0","0.0","1.0","0.0","0.0","0.0"
"57","0.0","How many companies were founded in the same year as Google?","","SELECT (COUNT(DISTINCT ?uri) as ?c) WHERE {  ?uri <http://www.w3.org/1999/02/22-rdf-syntax-ns#type> <http://dbpedia.org/ontology/Company> .  ?uri <http://dbpedia.org/ontology/foundingYear> ?year .  <http://dbpedia.org/resource/Google> <http://dbpedia.org/ontology/foundingYear> ?year . } ","","0.0","0.0","1.0","0.0","0.0","0.0"
"58","0.5454545454545454","In which UK city are the headquarters of the MI6?","""in which city are the Canada?""","PREFIX res: <http://dbpedia.org/resource/> PREFIX dbo: <http://dbpedia.org/ontology/> PREFIX rdf: <http://www.w3.org/1999/02/22-rdf-syntax-ns#>SELECT DISTINCT ?uri WHERE {         res:Secret_Intelligence_Service dbo:headquarter ?uri .         ?uri dbo:country res:United_Kingdom . }","""select  ?s    {   ?s <http://dbpedia.org/ontology/country>  <http://dbpedia.org/resource/Canada> .   ?s <http://www.w3.org/1999/02/22-rdf-syntax-ns#type>  <http://dbpedia.org/ontology/Country> .    }""","0.0","2.0","1.0","0.0","0.0","0.0"
"59","0.0","Was the Cuban Missile Crisis earlier than the Bay of Pigs Invasion?","","PREFIX dbo: <http://dbpedia.org/ontology/>PREFIX res: <http://dbpedia.org/resource/>ASK WHERE {        res:Cuban_Missile_Crisis dbo:date ?x .	res:Bay_of_Pigs_Invasion dbo:date ?y .	FILTER (?x < ?y)}","","0.0","0.0","1.0","0.0","0.0","0.0"
"60","0.0","What does IYCM stand for?","","PREFIX dbo: <http://dbpedia.org/ontology/>PREFIX res: <http://dbpedia.org/resource/>SELECT DISTINCT ?uriWHERE {        ?uri dbo:abbreviation 'IYCM' .}","","0.0","0.0","1.0","0.0","0.0","0.0"
"61","0.625","When did the Ming dynasty dissolve?","""When did Ming dynasty existed?""","PREFIX res: <http://dbpedia.org/resource/>PREFIX dbo: <http://dbpedia.org/ontology/> SELECT DISTINCT ?dateWHERE {          res:Ming_dynasty dbo:dissolutionDate ?date .}","""select  ?o    {    <http://dbpedia.org/resource/Ming_dynasty> <http://dbpedia.org/ontology/dissolutionDate>  ?o .    }""","1.0","0.0","0.0","1.0","1.0","1.0"
"62","0.0","List all episodes of the first season of the HBO television series The Sopranos!","","PREFIX dbo: <http://dbpedia.org/ontology/>PREFIX res: <http://dbpedia.org/resource/>SELECT DISTINCT ?uri WHERE {	?uri dbo:series res:The_Sopranos  .        ?uri dbo:seasonNumber 1 .}","","0.0","0.0","86.0","0.0","0.0","0.0"
"63","0.0","What is the total population of Melbourne, Florida?","","PREFIX dbo: <http://dbpedia.org/ontology/> SELECT ?uri WHERE {         <http://dbpedia.org/resource/Melbourne,_Florida> dbo:populationTotal ?uri .}","","0.0","0.0","1.0","0.0","0.0","0.0"
"64","0.0","Did Arnold Schwarzenegger attend a university?","","PREFIX dbo: <http://dbpedia.org/ontology/>PREFIX res: <http://dbpedia.org/resource/> PREFIX rdf: <http://www.w3.org/1999/02/22-rdf-syntax-ns#>ASKWHERE {        res:Arnold_Schwarzenegger dbo:almaMater ?x .        ?x rdf:type dbo:University .}","","0.0","0.0","1.0","0.0","0.0","0.0"
"65","0.625","What country is Mount Everest in?","""what situated in in Mount Everest?""","PREFIX dbo: <http://dbpedia.org/ontology/>PREFIX res: <http://dbpedia.org/resource/>PREFIX rdf: <http://www.w3.org/1999/02/22-rdf-syntax-ns#> SELECT DISTINCT ?uriWHERE {         res:Mount_Everest dbo:locatedInArea ?uri .         ?uri rdf:type dbo:Country .}","""select  ?o    {    <http://dbpedia.org/resource/Mount_Everest> <http://dbpedia.org/ontology/elevation>  ?o .    }""","0.0","1.0","7.0","0.0","0.0","0.0"
"66","0.5555555555555556","What is the largest city in Australia?","""What city is Canada in?""","PREFIX dbo: <http://dbpedia.org/ontology/>PREFIX res: <http://dbpedia.org/resource/>SELECT DISTINCT ?uri WHERE {	res:Australia dbo:largestCity ?uri .}","""select  ?s    {   ?s <http://dbpedia.org/ontology/country>  <http://dbpedia.org/resource/Canada> .   ?s <http://www.w3.org/1999/02/22-rdf-syntax-ns#type>  <http://dbpedia.org/ontology/Country> .    }""","0.0","0.0","1.0","0.0","0.0","0.0"
"67","0.0","Give me all launch pads operated by NASA.","","PREFIX dbo: <http://dbpedia.org/ontology/> PREFIX res: <http://dbpedia.org/resource/> PREFIX rdf: <http://www.w3.org/1999/02/22-rdf-syntax-ns#> SELECT DISTINCT ?uri WHERE {         ?uri rdf:type dbo:LaunchPad .          ?uri dbo:operator res:NASA . }","","0.0","0.0","9.0","0.0","0.0","0.0"
"68","0.0","Who is the mayor of Tel Aviv?","","PREFIX dbo: <http://dbpedia.org/ontology/>PREFIX res: <http://dbpedia.org/resource/>SELECT DISTINCT ?uriWHERE {         res:Tel_Aviv dbo:leaderName ?uri .}","","0.0","0.0","1.0","0.0","0.0","0.0"
"69","0.0","List all episodes of the first season of the HBO television series The Sopranos.","","PREFIX dbo: <http://dbpedia.org/ontology/>PREFIX res: <http://dbpedia.org/resource/>SELECT DISTINCT ?uri WHERE {        ?uri dbo:series res:The_Sopranos  .        ?uri dbo:seasonNumber 1 .}","","0.0","0.0","86.0","0.0","0.0","0.0"
"70","0.6","Who created Batman?","""Who created Netherlands?""","SELECT DISTINCT ?uri WHERE {  <http://dbpedia.org/resource/Batman> <http://dbpedia.org/ontology/creator> ?uri . } ","""select  ?s    {   ?s <http://dbpedia.org/ontology/creator>  <http://dbpedia.org/resource/Netherlands> .    }""","0.0","0.0","2.0","0.0","0.0","0.0"
"71","0.5555555555555556","Who played Gus Fring in Breaking Bad?","""what played in Gus Fring?""","SELECT DISTINCT ?uri WHERE { <http://dbpedia.org/resource/Gus_Fring> <http://dbpedia.org/ontology/portrayer> ?uri . }","""select  ?o    {    <http://dbpedia.org/resource/Gus_Fring> <http://dbpedia.org/ontology/portrayer>  ?o .    }""","1.0","0.0","0.0","1.0","1.0","1.0"
"72","0.875","In which programming language is GIMP written?","""in which language is GIMP written in?""","PREFIX dbo: <http://dbpedia.org/ontology/>PREFIX res: <http://dbpedia.org/resource/>SELECT DISTINCT ?uri WHERE { 	res:GIMP dbo:programmingLanguage ?uri .}","""select  ?o    {    <http://dbpedia.org/resource/GIMP> <http://dbpedia.org/ontology/programmingLanguage>  ?o .    }""","2.0","0.0","0.0","1.0","1.0","1.0"
"73","0.0","In which ancient empire could you pay with cocoa beans?","","SELECT DISTINCT ?uri WHERE { ?uri <http://dbpedia.org/ontology/currency> <http://dbpedia.org/resource/Cocoa_bean> . }","","0.0","0.0","1.0","0.0","0.0","0.0"
"74","0.0","Who is the editor of Forbes?","","PREFIX res: <http://dbpedia.org/resource/>PREFIX dbo: <http://dbpedia.org/ontology/>SELECT DISTINCT ?uri WHERE {        res:Forbes dbo:editor ?uri .}","","0.0","0.0","1.0","0.0","0.0","0.0"
"75","0.0","How many people live in the capital of Australia?","","PREFIX dbo: <http://dbpedia.org/ontology/>PREFIX res: <http://dbpedia.org/resource/>SELECT DISTINCT ?num WHERE {        res:Australia dbo:capital ?x .        ?x dbo:populationTotal ?num .}","","0.0","0.0","1.0","0.0","0.0","0.0"
"76","1.0","Which professional surfers were born in Australia?","Which professional surfers were born in Australia?","PREFIX dbo: <http://dbpedia.org/ontology/> PREFIX res: <http://dbpedia.org/resource/> SELECT DISTINCT ?uri WHERE {         ?uri dbo:occupation res:Surfing .          ?uri dbo:birthPlace res:Australia . }","select ?s { ?s <http://dbpedia.org/ontology/birthPlace> <http://dbpedia.org/resource/Australia> . ?s <http://dbpedia.org/ontology/occupation> <http://dbpedia.org/resource/Surfing> . }","14.0","0.0","0.0","1.0","1.0","1.0"
"77","0.0","Which electronics companies were founded in Beijing?","","SELECT DISTINCT ?uri WHERE { ?uri a <http://dbpedia.org/ontology/Company> . ?uri <http://dbpedia.org/ontology/industry> <http://dbpedia.org/resource/Electronics> . ?uri <http://dbpedia.org/ontology/foundationPlace> <http://dbpedia.org/resource/Beijing> . }","","0.0","0.0","28.0","0.0","0.0","0.0"
"78","0.0","Give me all video games published by Mean Hamster Software.","","PREFIX dbo: <http://dbpedia.org/ontology/>PREFIX res: <http://dbpedia.org/resource/>PREFIX rdf: <http://www.w3.org/1999/02/22-rdf-syntax-ns#>SELECT DISTINCT ?uri WHERE {      ?uri rdf:type dbo:VideoGame .      ?uri dbo:publisher res:Mean_Hamster_Software . }","","0.0","0.0","2.0","0.0","0.0","0.0"
"79","0.0","How many Aldi stores are there?","","SELECT DISTINCT ?number WHERE {  <http://dbpedia.org/resource/Aldi> <http://dbpedia.org/ontology/numberOfLocations> ?number . } ","","0.0","0.0","1.0","0.0","0.0","0.0"
"80","0.625","What is the capital of Cameroon?","""What is the capital  Cameroon""","SELECT DISTINCT ?uri WHERE { <http://dbpedia.org/resource/Cameroon> <http://dbpedia.org/ontology/capital> ?uri. } ","""select  ?o    {    <http://dbpedia.org/resource/Cameroon> <http://dbpedia.org/ontology/capital>  ?o .   ?o <http://www.w3.org/1999/02/22-rdf-syntax-ns#type>  <http://dbpedia.org/ontology/Country> .    }""","1.0","0.0","0.0","1.0","1.0","1.0"
"81","0.0","Is there a video game called Battle Chess?","","PREFIX dbo: <http://dbpedia.org/ontology/>PREFIX rdf: <http://www.w3.org/1999/02/22-rdf-syntax-ns#>PREFIX rdfs: <http://www.w3.org/2000/01/rdf-schema#>ASK WHERE {	?uri rdf:type dbo:VideoGame .        ?uri rdfs:label 'Battle Chess'@en .}","","0.0","0.0","1.0","0.0","0.0","0.0"
"82","0.5454545454545454","Was the wife of president Lincoln called Mary?","""the wife of  Mary Todd Lincoln?""","PREFIX dbo: <http://dbpedia.org/ontology/>PREFIX res: <http://dbpedia.org/resource/>PREFIX rdfs: <http://www.w3.org/2000/01/rdf-schema#>ASK WHERE {        res:Abraham_Lincoln dbo:spouse ?spouse .        ?spouse rdfs:label ?name .        FILTER(regex(?name,'Mary')) }","""select  ?s    {   ?s <http://dbpedia.org/ontology/spouse>  <http://dbpedia.org/resource/Mary_Todd_Lincoln> .    }""","0.0","0.0","1.0","0.0","0.0","0.0"
"83","0.0","Give me all movies directed by Francis Ford Coppola.","","SELECT DISTINCT ?uri WHERE {  ?uri <http://www.w3.org/1999/02/22-rdf-syntax-ns#type> <http://dbpedia.org/ontology/Film> .  ?uri <http://dbpedia.org/ontology/director> <http://dbpedia.org/resource/Francis_Ford_Coppola> . } ","","0.0","0.0","30.0","0.0","0.0","0.0"
"84","0.0","Which of Tim Burton's films had the highest budget?","","PREFIX dbo: <http://dbpedia.org/ontology/>PREFIX res: <http://dbpedia.org/resource/>SELECT DISTINCT ?uri WHERE {         ?uri dbo:director res:Tim_Burton .        ?uri dbo:budget ?b .}ORDER BY ?bOFFSET 0 LIMIT 1","","0.0","0.0","1.0","0.0","0.0","0.0"
"85","0.0","Does Breaking Bad have more episodes than Game of Thrones?","","PREFIX dbo: <http://dbpedia.org/ontology/> PREFIX res: <http://dbpedia.org/resource/> ASK WHERE {         res:Breaking_Bad dbo:numberOfEpisodes ?x .         res:Game_of_Thrones dbo:numberOfEpisodes ?y .         FILTER (?y > ?x) }","","0.0","0.0","1.0","0.0","0.0","0.0"
"86","0.0","Who was called Rodzilla?","","PREFIX dbp: <http://dbpedia.org/property/> SELECT DISTINCT ?uri WHERE {          ?uri dbp:nickname ""Rodzilla""@en .}","","0.0","0.0","1.0","0.0","0.0","0.0"
"87","0.5454545454545454","Was Natalie Portman born in the United States?","""which person was United States born in?""","PREFIX dbo: <http://dbpedia.org/ontology/>PREFIX res: <http://dbpedia.org/resource/>ASK WHERE { 	res:Natalie_Portman dbo:birthPlace ?city .      	?city dbo:country res:United_States .}","""select  ?s    {   ?s <http://dbpedia.org/ontology/birthPlace>  <http://dbpedia.org/resource/United_States> .   ?s <http://www.w3.org/1999/02/22-rdf-syntax-ns#type>  <http://dbpedia.org/ontology/City> .    }""","0.0","0.0","1.0","0.0","0.0","0.0"
"88","0.0","Give me the grandchildren of Elvis Presley.","","SELECT DISTINCT ?uri WHERE { <http://dbpedia.org/resource/Elvis_Presley> <http://dbpedia.org/ontology/child> ?child . ?child <http://dbpedia.org/ontology/child> ?uri . }","","0.0","0.0","1.0","0.0","0.0","0.0"
"89","0.5833333333333334","Which movies starring Mickey Rourke were directed by Guy Ritchie?","which films were directed by Guy Ritchie?","SELECT DISTINCT ?uri WHERE { ?uri <http://www.w3.org/1999/02/22-rdf-syntax-ns#type> <http://dbpedia.org/ontology/Film> . ?uri <http://dbpedia.org/ontology/starring> <http://dbpedia.org/resource/Mickey_Rourke> . ?uri <http://dbpedia.org/ontology/director> <http://dbpedia.org/resource/Guy_Ritchie> . } ","select ?s { ?s <http://dbpedia.org/ontology/director> <http://dbpedia.org/resource/Guy_Ritchie> . ?s <http://www.w3.org/1999/02/22-rdf-syntax-ns#type> <http://dbpedia.org/ontology/Film> . }","9.0","0.0","0.0","1.0","1.0","1.0"
"90","0.5714285714285714","When did Dracula's creator die?","""When did 1997-08-31 die?""","SELECT DISTINCT ?date WHERE {  <http://dbpedia.org/resource/Count_Dracula> <http://dbpedia.org/ontology/creator> ?x .  ?x <http://dbpedia.org/ontology/deathDate> ?date . } ","""select  ?s    {   ?s <http://dbpedia.org/ontology/deathDate>  1997-08-31 .    }""","0.0","0.0","1.0","0.0","0.0","0.0"
"91","0.0","Which country does the creator of Miffy come from?","","PREFIX dbo: <http://dbpedia.org/ontology/>PREFIX res: <http://dbpedia.org/resource/>SELECT DISTINCT ?uri WHERE {	res:Miffy dbo:creator ?x .	?x dbo:nationality ?uri .}","","0.0","0.0","1.0","0.0","0.0","0.0"
"92","0.0","What is Batman's real name?","","SELECT DISTINCT ?s WHERE { <http://dbpedia.org/resource/Batman> <http://dbpedia.org/property/alterEgo> ?s . }","","0.0","0.0","1.0","0.0","0.0","0.0"
"93","0.0","What form of government does Russia have?","","SELECT DISTINCT ?uri WHERE { <http://dbpedia.org/resource/Russia> <http://dbpedia.org/ontology/governmentType> ?uri . } ","","0.0","0.0","1.0","0.0","0.0","0.0"
"94","0.0","How many companies were founded by the founder of Facebook?","","SELECT (COUNT(DISTINCT ?uri) as ?c) WHERE {  <http://dbpedia.org/resource/Facebook> <http://dbpedia.org/ontology/foundedBy> ?uri .  ?uri <http://dbpedia.org/ontology/foundedBy> ?uri . } ","","0.0","0.0","1.0","0.0","0.0","0.0"
"95","0.0","Give me all Canadian Grunge record labels.","","PREFIX dbo: <http://dbpedia.org/ontology/>PREFIX res: <http://dbpedia.org/resource/>PREFIX rdf: <http://www.w3.org/1999/02/22-rdf-syntax-ns#>SELECT DISTINCT ?uri WHERE {	?uri rdf:type dbo:RecordLabel .        ?uri dbo:genre res:Grunge .        ?uri dbo:country res:Canada .}","","0.0","0.0","1.0","0.0","0.0","0.0"
"96","0.0","How many children did Benjamin Franklin have?","","SELECT (COUNT(DISTINCT ?uri) as ?c) WHERE {  <http://dbpedia.org/resource/Benjamin_Franklin> <http://dbpedia.org/ontology/child> ?uri . } ","","0.0","0.0","1.0","0.0","0.0","0.0"
"97","0.0","List the children of Margaret Thatcher.","","PREFIX res: <http://dbpedia.org/resource/>PREFIX dbo: <http://dbpedia.org/ontology/>SELECT DISTINCT ?uri WHERE {	res:Margaret_Thatcher dbo:child ?uri .}","","0.0","0.0","2.0","0.0","0.0","0.0"
"98","0.0","From which region is the Melon de Bourgogne?","","PREFIX res: <http://dbpedia.org/resource/>PREFIX dbo: <http://dbpedia.org/ontology/> SELECT DISTINCT ?uriWHERE {        res:Melon_de_Bourgogne dbo:wineRegion ?uri .}","","0.0","0.0","4.0","0.0","0.0","0.0"
"99","0.0","Who is the oldest child of Meryl Streep?","","PREFIX dbo: <http://dbpedia.org/ontology/>PREFIX res: <http://dbpedia.org/resource/>SELECT DISTINCT ?uriWHERE {         res:Meryl_Streep dbo:child ?uri .         ?uri dbo:birthDate ?d .}ORDER BY ASC(?d)OFFSET 0 LIMIT 1","","0.0","0.0","1.0","0.0","0.0","0.0"
"100","0.0","Are tree frogs a type of amphibian?","","PREFIX dbo: <http://dbpedia.org/ontology/> PREFIX res: <http://dbpedia.org/resource/> ASK WHERE {         res:Hylidae dbo:class res:Amphibian . }","","0.0","0.0","1.0","0.0","0.0","0.0"
"101","0.0","Is Christian Bale starring in Velvet Goldmine?","","PREFIX dbo: <http://dbpedia.org/ontology/>PREFIX res: <http://dbpedia.org/resource/>ASKWHERE {        res:Velvet_Goldmine dbo:starring res:Christian_Bale .}","","0.0","0.0","1.0","0.0","0.0","0.0"
"102","0.5555555555555556","List all games by GMT.","""List all video games developed by GMT Games?""","PREFIX dbo: <http://dbpedia.org/ontology/>PREFIX res: <http://dbpedia.org/resource/>SELECT DISTINCT ?uri WHERE {	        ?uri dbo:publisher res:GMT_Games .}","""select  ?s    {   ?s <http://dbpedia.org/ontology/publisher>  <http://dbpedia.org/resource/GMT_Games> .    }""","7.0","0.0","0.0","1.0","1.0","1.0"
"103","0.0","Does the Isar flow into a lake?","","PREFIX dbo: <http://dbpedia.org/ontology/>PREFIX res: <http://dbpedia.org/resource/>PREFIX rdf: <http://www.w3.org/1999/02/22-rdf-syntax-ns#>ASKWHERE {        ?x dbo:inflow res:Isar .        ?x rdf:type dbo:Lake . }","","0.0","0.0","1.0","0.0","0.0","0.0"
"104","0.0","Which airports does Yeti Airlines serve?","","SELECT DISTINCT ?uri WHERE {  <http://dbpedia.org/resource/Yeti_Airlines> <http://dbpedia.org/ontology/targetAirport> ?uri . }","","0.0","0.0","3.0","0.0","0.0","0.0"
"105","0.0","Which Indian company has the most employees?","","SELECT DISTINCT ?uri WHERE { ?uri a <http://dbpedia.org/ontology/Company> . ?uri <http://dbpedia.org/ontology/location> <http://dbpedia.org/resource/India> . ?uri <http://dbpedia.org/ontology/numberOfEmployees> ?n . } ORDER BY DESC(?n) OFFSET 0 LIMIT 1","","0.0","0.0","1.0","0.0","0.0","0.0"
"106","0.0","What color expresses loyalty?","","SELECT DISTINCT ?uri WHERE { ?uri <http://dbpedia.org/ontology/connotation> <http://dbpedia.org/resource/Loyalty> . }","","0.0","0.0","1.0","0.0","0.0","0.0"
"107","0.0","Which city has the most inhabitants?","","PREFIX dbo: <http://dbpedia.org/ontology/> PREFIX res: <http://dbpedia.org/resource/> PREFIX rdf: <http://www.w3.org/1999/02/22-rdf-syntax-ns#> SELECT DISTINCT ?uriWHERE {          ?uri rdf:type dbo:City .          ?uri dbo:populationTotal ?pop . }ORDER BY DESC(?pop)OFFSET 0 LIMIT 1","","0.0","0.0","1.0","0.0","0.0","0.0"
"108","0.6","Who created Wikipedia?","""Who created Netherlands?""","PREFIX dbo: <http://dbpedia.org/ontology/>PREFIX res: <http://dbpedia.org/resource/>SELECT DISTINCT ?uriWHERE {	res:Wikipedia dbo:author ?uri .}","""select  ?s    {   ?s <http://dbpedia.org/ontology/creator>  <http://dbpedia.org/resource/Netherlands> .    }""","0.0","0.0","2.0","0.0","0.0","0.0"
"109","0.0","Is Rita Wilson the wife of Tom Hanks?","","PREFIX dbo: <http://dbpedia.org/ontology/> PREFIX res: <http://dbpedia.org/resource/> ASK WHERE {         res:Tom_Hanks dbo:spouse res:Rita_Wilson . }","","0.0","0.0","1.0","0.0","0.0","0.0"
"110","0.0","Is the wife of president Obama called Michelle?","","PREFIX dbo: <http://dbpedia.org/ontology/>PREFIX res: <http://dbpedia.org/resource/>PREFIX rdfs: <http://www.w3.org/2000/01/rdf-schema#>ASK WHERE {        res:Barack_Obama dbo:spouse ?spouse .        ?spouse rdfs:label ?name .        FILTER(regex(?name,'Michelle')) }","","0.0","0.0","1.0","0.0","0.0","0.0"
"111","0.0","How many ethnic groups live in Slovenia?","","SELECT (COUNT(DISTINCT ?uri) as ?c) WHERE {  <http://dbpedia.org/resource/Slovenia> <http://dbpedia.org/ontology/ethnicGroup> ?uri . } ","","0.0","0.0","1.0","0.0","0.0","0.0"
"112","0.0","Who is the president of Eritrea?","","SELECT DISTINCT ?uri WHERE { <http://dbpedia.org/resource/Eritrea> <http://dbpedia.org/ontology/leader> ?uri . <http://dbpedia.org/resource/Eritrea> <http://dbpedia.org/ontology/leaderTitle> 'President'@en . }  ","","0.0","0.0","1.0","0.0","0.0","0.0"
"113","1.0","Which films did Stanley Kubrick direct?","Which films did Stanley Kubrick direct?","SELECT DISTINCT ?uri WHERE { ?uri <http://dbpedia.org/ontology/director> <http://dbpedia.org/resource/Stanley_Kubrick> . }","select ?s {?s <http://dbpedia.org/ontology/director> <http://dbpedia.org/resource/Stanley_Kubrick> . ?s <http://www.w3.org/1999/02/22-rdf-syntax-ns#type> <http://dbpedia.org/ontology/Film> . }","16.0","0.0","0.0","1.0","1.0","1.0"
"114","0.0","When was the Titanic completed?","","PREFIX dbo: <http://dbpedia.org/ontology/>PREFIX res: <http://dbpedia.org/resource/>SELECT DISTINCT ?dateWHERE {         res:RMS_Titanic dbo:completionDate ?date . }","","0.0","0.0","1.0","0.0","0.0","0.0"
"115","0.0","How many pages does War and Peace have?","","PREFIX dbo: <http://dbpedia.org/ontology/>PREFIX res: <http://dbpedia.org/resource/>SELECT DISTINCT ?nWHERE {        res:War_and_Peace dbo:numberOfPages ?n .}","","0.0","0.0","1.0","0.0","0.0","0.0"
"116","0.0","Who is the youngest player in the Premier League?","","PREFIX dbo: <http://dbpedia.org/ontology/> PREFIX res: <http://dbpedia.org/resource/> SELECT DISTINCT ?uri WHERE {         ?uri dbo:team ?x .         ?x dbo:league res:Premier_League .         ?uri dbo:birthDate ?y . } ORDER BY DESC(?y) OFFSET 0 LIMIT 1","","0.0","0.0","1.0","0.0","0.0","0.0"
"117","0.0","What is the highest mountain in Italy?","","PREFIX dbo: <http://dbpedia.org/ontology/>PREFIX res: <http://dbpedia.org/resource/>PREFIX rdf: <http://www.w3.org/1999/02/22-rdf-syntax-ns#>SELECT DISTINCT ?uriWHERE {        ?uri rdf:type dbo:Mountain .        ?uri dbo:locatedInArea res:Italy .        ?uri dbo:elevation ?num .}ORDER BY DESC(?num)OFFSET 0 LIMIT 1","","0.0","0.0","1.0","0.0","0.0","0.0"
"118","0.0","How tall is Claudia Schiffer?","","PREFIX res: <http://dbpedia.org/resource/>PREFIX dbo: <http://dbpedia.org/ontology/>SELECT DISTINCT ?height WHERE {               res:Claudia_Schiffer dbo:height ?height .      }","","0.0","0.0","1.0","0.0","0.0","0.0"
"119","0.8888888888888888","Who was John F. Kennedy's vice president?","""Who was John F. Kennedy's president?""","PREFIX dbo: <http://dbpedia.org/ontology/> PREFIX res: <http://dbpedia.org/resource/> SELECT DISTINCT ?uri WHERE { res:John_F._Kennedy dbo:vicePresident ?uri . }","""select  ?o    {    <http://dbpedia.org/resource/John_F._Kennedy> <http://dbpedia.org/ontology/successor>  ?o .    }""","1.0","0.0","0.0","1.0","1.0","1.0"
"120","0.0","Which subsidiary of Lufthansa serves both Dortmund and Berlin Tegel?","","PREFIX res: <http://dbpedia.org/resource/>PREFIX dbo: <http://dbpedia.org/ontology/> SELECT DISTINCT ?uri WHERE {        res:Lufthansa dbo:subsidiary ?uri .        ?uri dbo:targetAirport res:Dortmund_Airport .        ?uri dbo:targetAirport res:Berlin_Tegel_Airport .}","","0.0","0.0","22.0","0.0","0.0","0.0"
"121","0.6666666666666666","Who was the successor of John F. Kennedy?","""Who was the archbishop of  John F. Kennedy""","PREFIX dbo: <http://dbpedia.org/ontology/>PREFIX res: <http://dbpedia.org/resource/>SELECT DISTINCT ?uri WHERE {	res:John_F._Kennedy dbo:successor ?uri .}","""select  ?o    {    <http://dbpedia.org/resource/John_F._Kennedy> <http://dbpedia.org/ontology/successor>  ?o .    }""","3.0","0.0","0.0","1.0","1.0","1.0"
"122","0.0","Who composed the soundtrack for Cameron's Titanic?","","SELECT DISTINCT ?uri WHERE { <http://dbpedia.org/resource/Titanic_(1997_film)> <http://dbpedia.org/ontology/musicComposer> ?uri . } ","","0.0","0.0","1.0","0.0","0.0","0.0"
"123","1.0","Which movies did Kurosawa direct?","Which movies did Kurosawa direct?","PREFIX dbo: <http://dbpedia.org/ontology/>PREFIX res: <http://dbpedia.org/resource/>PREFIX rdf: <http://www.w3.org/1999/02/22-rdf-syntax-ns#>SELECT DISTINCT ?uriWHERE {        ?uri rdf:type dbo:Film .        ?uri dbo:director res:Akira_Kurosawa .}","select ?s {?s <http://dbpedia.org/ontology/director> <http://dbpedia.org/resource/Akira_Kurosawa> . ?s <http://www.w3.org/1999/02/22-rdf-syntax-ns#type> <http://dbpedia.org/ontology/Film> . }","32.0","0.0","0.0","1.0","1.0","1.0"
"124","0.0","For which label did Elvis record his first album?","","PREFIX dbo: <http://dbpedia.org/ontology/>PREFIX res: <http://dbpedia.org/resource/>PREFIX rdf: <http://www.w3.org/1999/02/22-rdf-syntax-ns#>SELECT DISTINCT ?uri WHERE {        ?x rdf:type dbo:Album .        ?x dbo:artist res:Elvis_Presley .        ?x dbo:releaseDate ?y .        ?x dbo:recordLabel ?uri .}ORDER BY ASC(?y) OFFSET 0 LIMIT 1","","0.0","0.0","1.0","0.0","0.0","0.0"
"125","0.0","In which time zone is Rome?","","SELECT DISTINCT ?uri WHERE { <http://dbpedia.org/resource/Rome> <http://dbpedia.org/ontology/timeZone> ?uri . } ","","0.0","0.0","1.0","0.0","0.0","0.0"
"126","0.0","Give me the currency of China.","","PREFIX res: <http://dbpedia.org/resource/>PREFIX dbo: <http://dbpedia.org/ontology/> SELECT DISTINCT ?uriWHERE {     res:China dbo:currency ?uri . }","","0.0","0.0","1.0","0.0","0.0","0.0"
"127","0.0","Who are the developers of DBpedia?","","SELECT DISTINCT ?uri WHERE { <http://dbpedia.org/resource/DBpedia> <http://dbpedia.org/ontology/developer> ?uri . }","","0.0","0.0","3.0","0.0","0.0","0.0"
"128","0.0","Does Abraham Lincoln's death place have a website?","","PREFIX dbo: <http://dbpedia.org/ontology/>PREFIX res: <http://dbpedia.org/resource/>ASK WHERE {        res:Abraham_Lincoln dbo:deathPlace ?p .        ?p dbo:website ?w . }","","0.0","0.0","1.0","0.0","0.0","0.0"
"129","0.5555555555555556","Who is the king of the Netherlands?","""Who is the member of  Netherlands""","SELECT DISTINCT ?uri WHERE { <http://dbpedia.org/resource/Netherlands> <http://dbpedia.org/ontology/leader> ?uri . ?uri a <http://dbpedia.org/ontology/Royalty> . } ","""select  ?s    {   ?s <http://dbpedia.org/ontology/creator>  <http://dbpedia.org/resource/Netherlands> .    }""","0.0","0.0","2.0","0.0","0.0","0.0"
"130","1.0","In which city did Nikos Kazantzakis die?","""in which city did Nikos Kazantzakis die?""","SELECT DISTINCT ?uri WHERE { <http://dbpedia.org/resource/Nikos_Kazantzakis> <http://dbpedia.org/ontology/deathPlace> ?uri . ?uri a <http://dbpedia.org/ontology/Town> . }","""select  ?o    {    <http://dbpedia.org/resource/Nikos_Kazantzakis> <http://dbpedia.org/ontology/deathPlace>  ?o .    }""","3.0","0.0","0.0","1.0","1.0","1.0"
"131","0.6","Who was the father of Queen Elizabeth II?","""Who was the queen  Elizabeth II""","PREFIX res: <http://dbpedia.org/resource/>PREFIX dbp: <http://dbpedia.org/property/>SELECT DISTINCT ?uriWHERE {         res:Elizabeth_II dbp:father ?uri .}","""select  ?o    {    <http://dbpedia.org/resource/Elizabeth_II> <http://dbpedia.org/property/father>  ?o .    }""","1.0","0.0","0.0","1.0","1.0","1.0"
"132","0.0","Give me a list of all critically endangered birds.","","SELECT DISTINCT ?uri ?p WHERE { ?uri a <http://dbpedia.org/ontology/Bird> . { ?uri <http://dbpedia.org/ontology/conservationStatus> 'CR'^^<http://www.w3.org/2001/XMLSchema#string> . } UNION { ?uri <http://purl.org/dc/terms/subject> <http://dbpedia.org/resource/Category:Critically_endangered_animals> . } }","","0.0","0.0","1.0","0.0","0.0","0.0"
"133","0.0","How many inhabitants does the largest city in Canada have?","","PREFIX dbo: <http://dbpedia.org/ontology/>PREFIX res: <http://dbpedia.org/resource/>SELECT DISTINCT ?numWHERE {        res:Canada dbo:largestCity ?city .         ?city dbo:populationTotal ?num .}","","0.0","0.0","1.0","0.0","0.0","0.0"
"134","0.0","In which military conflicts did Lawrence of Arabia participate?","","PREFIX dbo: <http://dbpedia.org/ontology/> PREFIX res: <http://dbpedia.org/resource/> SELECT DISTINCT ?uri WHERE {         res:T._E._Lawrence dbo:battle ?uri . }","","0.0","0.0","10.0","0.0","0.0","0.0"
"135","0.0","Which book has the most pages?","","PREFIX dbo: <http://dbpedia.org/ontology/>PREFIX rdf: <http://www.w3.org/1999/02/22-rdf-syntax-ns#> SELECT DISTINCT ?uriWHERE {         ?uri rdf:type dbo:Book .         ?uri dbo:numberOfPages ?n .}ORDER BY DESC(?n)OFFSET 0 LIMIT 1","","0.0","0.0","1.0","0.0","0.0","0.0"
"136","0.0","In which country does the Nile start?","","PREFIX dbo: <http://dbpedia.org/ontology/>PREFIX res: <http://dbpedia.org/resource/>SELECT DISTINCT ?uriWHERE {               res:Nile dbo:sourceCountry ?uri .}","","0.0","0.0","2.0","0.0","0.0","0.0"
"137","0.0","Who is the Formula 1 race driver with the most races?","","SELECT DISTINCT ?uri WHERE {  ?uri <http://www.w3.org/1999/02/22-rdf-syntax-ns#type> <http://dbpedia.org/ontology/FormulaOneRacer> .  ?uri <http://dbpedia.org/ontology/races> ?x . } ORDER BY DESC(?x) OFFSET 0 LIMIT 1 ","","0.0","0.0","1.0","0.0","0.0","0.0"
"138","0.0","Which companies produce hovercrafts?","","SELECT DISTINCT ?uri WHERE { ?uri a <http://dbpedia.org/ontology/Company> . ?uri <http://dbpedia.org/ontology/product> <http://dbpedia.org/resource/Hovercraft> . }","","0.0","0.0","1.0","0.0","0.0","0.0"
"139","0.0","Did Elvis Presley have children?","","ASK WHERE { <http://dbpedia.org/resource/Elvis_Presley> <http://dbpedia.org/ontology/child> ?uri . } ","","0.0","0.0","1.0","0.0","0.0","0.0"
"140","0.7272727272727273","In which city was the president of Montenegro born?","in which city did President of Montenegro born?","SELECT DISTINCT ?uri WHERE { ?x <http://dbpedia.org/property/office> <http://dbpedia.org/resource/President_of_Montenegro> . ?x <http://dbpedia.org/ontology/birthPlace> ?uri . ?uri a <http://dbpedia.org/ontology/City> . } ","select ?o {<http://dbpedia.org/resource/President_of_Montenegro> <http://dbpedia.org/ontology/birthPlace> ?o . ?o <http://www.w3.org/1999/02/22-rdf-syntax-ns#type> <http://dbpedia.org/ontology/City> . }","0.0","0.0","5.0","0.0","0.0","0.0"
"141","1.0","Which country was Bill Gates born in?","Which country was Bill Gates born in?","SELECT DISTINCT ?uri WHERE { <http://dbpedia.org/resource/Bill_Gates> <http://dbpedia.org/ontology/birthPlace> ?x . ?x <http://dbpedia.org/ontology/country> ?uri . }","select ?o {<http://dbpedia.org/resource/Bill_Gates> <http://dbpedia.org/ontology/birthPlace> ?o . ?o <http://www.w3.org/1999/02/22-rdf-syntax-ns#type> <http://dbpedia.org/ontology/Country> . }","1.0","2.0","0.0","0.33333334","1.0","0.5"
"142","0.5555555555555556","In which countries do people speak Japanese?","""Which countries People in Japan?""","SELECT DISTINCT ?uri WHERE { ?uri a <http://dbpedia.org/ontology/Country> . ?uri <http://dbpedia.org/ontology/language> <http://dbpedia.org/resource/Japanese_language> . } ","""select  ?o    {    <http://dbpedia.org/resource/Japan> <http://dbpedia.org/ontology/language>  ?o .    }""","0.0","3.0","3.0","0.0","0.0","0.0"
"143","1.0","Show me the book that Muhammad Ali wrote.","Show me the book that Muhammad Ali wrote.","PREFIX dbo: <http://dbpedia.org/ontology/> PREFIX res: <http://dbpedia.org/resource/> PREFIX rdf: <http://www.w3.org/1999/02/22-rdf-syntax-ns#> SELECT DISTINCT ?uri WHERE {          ?uri rdf:type dbo:Book .          ?uri dbo:author res:Muhammad_Ali . }","select ?s {?s <http://dbpedia.org/ontology/author> <http://dbpedia.org/resource/Muhammad_Ali> . }","1.0","0.0","0.0","1.0","1.0","1.0"
"144","0.0","Is Michelle Obama the wife of Barack Obama?","","PREFIX dbo: <http://dbpedia.org/ontology/>PREFIX res: <http://dbpedia.org/resource/>ASK WHERE {	res:Barack_Obama dbo:spouse res:Michelle_Obama .}","","0.0","0.0","1.0","0.0","0.0","0.0"
"145","0.5555555555555556","What is the area code of Berlin?","""What is the area  Berlin""","PREFIX dbo: <http://dbpedia.org/ontology/>PREFIX res: <http://dbpedia.org/resource/>SELECT DISTINCT ?string WHERE {	res:Berlin dbo:areaCode ?string .}","""select  ?o    {    <http://dbpedia.org/resource/Berlin> <http://dbpedia.org/ontology/areaCode>  ?o .   ?o <http://www.w3.org/1999/02/22-rdf-syntax-ns#type>  <http://dbpedia.org/ontology/City> .    }""","1.0","0.0","0.0","1.0","1.0","1.0"
"146","0.0","Give me all actors starring in Last Action Hero.","","PREFIX dbo: <http://dbpedia.org/ontology/>PREFIX res: <http://dbpedia.org/resource/>SELECT DISTINCT ?uriWHERE {        res:Last_Action_Hero dbo:starring ?uri . }","","0.0","0.0","9.0","0.0","0.0","0.0"
"147","0.6","What are the nicknames of San Francisco?","""What are the university of  San Francisco""","SELECT DISTINCT ?string WHERE {  <http://dbpedia.org/resource/San_Francisco> <http://dbpedia.org/property/nickname> ?string . } ","""select  ?o    {    <http://dbpedia.org/resource/San_Francisco> <http://dbpedia.org/property/nickname>  ?o .    }""","1.0","0.0","0.0","1.0","1.0","1.0"
"148","0.0","What was the first Queen album?","","SELECT DISTINCT ?uri WHERE { ?uri a <http://dbpedia.org/ontology/Album> . ?uri <http://dbpedia.org/ontology/artist> <http://dbpedia.org/resource/Queen_(band)> . ?uri <http://dbpedia.org/ontology/releaseDate> ?d . } ORDER BY ASC(?d) OFFSET 0 LIMIT 1","","0.0","0.0","1.0","0.0","0.0","0.0"
"149","0.0","Through which countries does the Yenisei river flow?","","PREFIX res: <http://dbpedia.org/resource/>PREFIX dbp: <http://dbpedia.org/property/>SELECT DISTINCT ?uri WHERE {        res:Yenisei_River dbp:country ?uri .}","","0.0","0.0","1.0","0.0","0.0","0.0"
"150","1.0","Which television shows were created by Walt Disney?","Which television shows were created by Walt Disney?","PREFIX dbo: <http://dbpedia.org/ontology/>PREFIX res: <http://dbpedia.org/resource/>PREFIX rdf: <http://www.w3.org/1999/02/22-rdf-syntax-ns#>SELECT DISTINCT ?uriWHERE {	?uri rdf:type dbo:TelevisionShow .        ?uri dbo:creator res:Walt_Disney .}","select ?s {?s <http://dbpedia.org/ontology/creator> <http://dbpedia.org/resource/Walt_Disney> . ?s <http://www.w3.org/1999/02/22-rdf-syntax-ns#type> <http://dbpedia.org/ontology/TelevisionShow> . }","18.0","0.0","0.0","1.0","1.0","1.0"
"151","0.0","What is the bridge with the longest span?","","PREFIX dbo: <http://dbpedia.org/ontology/>PREFIX res: <http://dbpedia.org/resource/>PREFIX rdf: <http://www.w3.org/1999/02/22-rdf-syntax-ns#>SELECT DISTINCT ?uri WHERE {        ?uri rdf:type dbo:Bridge .        ?uri dbo:mainspan ?s . } ORDER BY DESC(?s) OFFSET 0 LIMIT 1","","0.0","0.0","2.0","0.0","0.0","0.0"
"152","0.0","What country is Sitecore from?","","SELECT DISTINCT ?uri WHERE { <http://dbpedia.org/resource/Sitecore> <http://dbpedia.org/ontology/foundationPlace> ?uri . }","","0.0","0.0","1.0","0.0","0.0","0.0"
"153","0.0","Whom did Lance Bass marry?","","SELECT DISTINCT ?uri WHERE { ?uri <http://dbpedia.org/ontology/spouse> <http://dbpedia.org/resource/Lance_Bass> . } ","","0.0","0.0","1.0","0.0","0.0","0.0"
"154","0.625","What is the capital of Canada?","""What is the capital  Canada""","PREFIX dbo:  <http://dbpedia.org/ontology/>PREFIX res:  <http://dbpedia.org/resource/>SELECT DISTINCT ?uri WHERE {        res:Canada dbo:capital ?uri .}","""select  ?o    {    <http://dbpedia.org/resource/Canada> <http://dbpedia.org/ontology/capital>  ?o .   ?o <http://www.w3.org/1999/02/22-rdf-syntax-ns#type>  <http://dbpedia.org/ontology/Country> .    }""","1.0","0.0","0.0","1.0","1.0","1.0"
"155","0.0","Who was Vincent van Gogh inspired by?","","SELECT DISTINCT ?uri WHERE { ?uri <http://dbpedia.org/ontology/influenced> <http://dbpedia.org/resource/Vincent_van_Gogh> . }","","0.0","0.0","2.0","0.0","0.0","0.0"
"156","1.0","In which city did John F. Kennedy die?","in which city did John F. Kennedy die?","PREFIX dbo: <http://dbpedia.org/ontology/>PREFIX res: <http://dbpedia.org/resource/>PREFIX rdf: <http://www.w3.org/1999/02/22-rdf-syntax-ns#>SELECT DISTINCT ?uriWHERE {         res:John_F._Kennedy dbo:deathPlace ?uri .        ?uri rdf:type dbo:City .}","select ?o {<http://dbpedia.org/resource/John_F._Kennedy> <http://dbpedia.org/ontology/deathPlace> ?o . ?o <http://www.w3.org/1999/02/22-rdf-syntax-ns#type> <http://dbpedia.org/ontology/City> . }","2.0","0.0","0.0","1.0","1.0","1.0"
"157","0.0","Was U.S. president Jackson involved in a war?","","PREFIX dbo: <http://dbpedia.org/ontology/>PREFIX res: <http://dbpedia.org/resource/>ASK WHERE {	res:Andrew_Jackson dbo:battle ?battle .    }","","0.0","0.0","1.0","0.0","0.0","0.0"
"158","0.0","Who wrote the Game of Thrones theme?","","SELECT DISTINCT ?uri WHERE { <http://dbpedia.org/resource/Game_of_Thrones> <http://dbpedia.org/ontology/composer> ?uri. }","","0.0","0.0","1.0","0.0","0.0","0.0"
"159","0.8333333333333334","Who designed the Brooklyn Bridge?","""Who designed Brooklyn Bridge?""","PREFIX res: <http://dbpedia.org/resource/>PREFIX dbo: <http://dbpedia.org/ontology/>SELECT DISTINCT ?uri WHERE {        res:Brooklyn_Bridge dbo:architect ?uri .}","""select  ?o    {    <http://dbpedia.org/resource/Brooklyn_Bridge> <http://dbpedia.org/ontology/architect>  ?o .    }""","0.0","1.0","1.0","0.0","0.0","0.0"
"160","0.0","When did Boris Becker end his active career?","","SELECT DISTINCT ?d WHERE { <http://dbpedia.org/resource/Boris_Becker> <http://dbpedia.org/ontology/activeYearsEndDate> ?d . } ","","0.0","0.0","1.0","0.0","0.0","0.0"
"161","0.0","Which types of grapes grow in Oregon?","","SELECT DISTINCT ?uri WHERE { <http://dbpedia.org/resource/Oregon_wine> <http://dbpedia.org/ontology/growingGrape> ?uri . } ","","0.0","0.0","34.0","0.0","0.0","0.0"
"162","0.0","How tall is Michael Jordan?","","PREFIX dbo: <http://dbpedia.org/ontology/>PREFIX res: <http://dbpedia.org/resource/>SELECT DISTINCT ?num WHERE {        res:Michael_Jordan dbo:height ?num .}","","0.0","0.0","1.0","0.0","0.0","0.0"
"163","0.0","To which party does the mayor of Paris belong?","","SELECT DISTINCT ?uri WHERE { <http://dbpedia.org/resource/Paris> <http://dbpedia.org/ontology/mayor> ?x . ?x <http://dbpedia.org/ontology/party> ?uri . }","","0.0","0.0","1.0","0.0","0.0","0.0"
"164","1.0","Who wrote the book The Pillars of the Earth?","Who wrote the book The Pillars of the Earth?","PREFIX dbo: <http://dbpedia.org/ontology/>PREFIX res: <http://dbpedia.org/resource/>SELECT DISTINCT ?uri WHERE {        res:The_Pillars_of_the_Earth dbo:author ?uri .}","select ?o {<http://dbpedia.org/resource/The_Pillars_of_the_Earth> <http://dbpedia.org/ontology/author> ?o . }","1.0","0.0","0.0","1.0","1.0","1.0"
"165","0.6363636363636364","Who was the 16th president of the United States?","""Who was The Pillars of the Earth's united states?""","PREFIX dbo: <http://dbpedia.org/ontology/>PREFIX rdf: <http://www.w3.org/1999/02/22-rdf-syntax-ns#>SELECT DISTINCT ?uriWHERE {         ?uri dbo:office 'President of the United States' .         ?uri dbo:orderInOffice '16th' .}","""select  ?o    {    <http://dbpedia.org/resource/The_Pillars_of_the_Earth> <http://dbpedia.org/ontology/author>  ?o .    }""","0.0","1.0","2.0","0.0","0.0","0.0"
"166","0.0","How high is the Mount Everest?","","PREFIX dbo: <http://dbpedia.org/ontology/>PREFIX res: <http://dbpedia.org/resource/>SELECT DISTINCT ?num WHERE {	res:Mount_Everest dbo:elevation ?num.}","","0.0","0.0","1.0","0.0","0.0","0.0"
"167","0.0","Who was the doctoral supervisor of Albert Einstein?","","SELECT DISTINCT ?uri WHERE { <http://dbpedia.org/resource/Albert_Einstein> <http://dbpedia.org/ontology/doctoralAdvisor> ?uri . }","","0.0","0.0","1.0","0.0","0.0","0.0"
"168","0.0","In which city does Sylvester Stallone live?","","SELECT DISTINCT ?uri WHERE { ?uri a <http://dbpedia.org/ontology/City> . <http://dbpedia.org/resource/Sylvester_Stallone> <http://dbpedia.org/ontology/residence> ?uri . }","","0.0","0.0","2.0","0.0","0.0","0.0"
"169","0.6666666666666666","What is the currency of the Czech Republic?","""What is the republic of  Czech Republic""","PREFIX dbo: <http://dbpedia.org/ontology/>PREFIX res: <http://dbpedia.org/resource/>SELECT DISTINCT ?uriWHERE {	res:Czech_Republic dbo:currency ?uri .}","""select  ?o    {    <http://dbpedia.org/resource/Czech_Republic> <http://dbpedia.org/ontology/currency>  ?o .   ?o <http://www.w3.org/1999/02/22-rdf-syntax-ns#type>  <http://dbpedia.org/ontology/Country> .    }""","1.0","0.0","0.0","1.0","1.0","1.0"
"170","0.0","Did Socrates influence Aristotle?","","PREFIX dbo: <http://dbpedia.org/ontology/>PREFIX res: <http://dbpedia.org/resource/>ASK WHERE {	res:Aristotle dbo:influencedBy res:Socrates .}","","0.0","0.0","1.0","0.0","0.0","0.0"
"171","0.0","What is the time zone of Salt Lake City?","","PREFIX res: <http://dbpedia.org/resource/>PREFIX dbp: <http://dbpedia.org/property/>SELECT DISTINCT ?uri WHERE {	res:Salt_Lake_City dbp:timezone ?uri . }","","0.0","0.0","1.0","0.0","0.0","0.0"
"172","0.0","Who is the son of Sonny and Cher?","","SELECT DISTINCT ?uri WHERE { ?uri <http://dbpedia.org/ontology/parent> <http://dbpedia.org/resource/Cher> . ?uri <http://dbpedia.org/ontology/parent> <http://dbpedia.org/resource/Sonny_Bono> . }","","0.0","0.0","1.0","0.0","0.0","0.0"
"173","0.0","In which city are the headquarters of the United Nations?","In which city are the headquarters of the United Nations?","SELECT DISTINCT ?uri WHERE { <http://dbpedia.org/resource/Headquarters_of_the_United_Nations> <http://dbpedia.org/ontology/location> ?uri . ?uri a <http://dbpedia.org/ontology/City> . } ","SELECT DISTINCT ?o WHERE { <http://dbpedia.org/resource/Headquarters_of_the_United_Nations> <http://dbpedia.org/ontology/location> ?o .} ","0.0","2.0","1.0","0.0","0.0","0.0"
"174","0.0","Who is the founder of Penguin Books?","","PREFIX dbo: <http://dbpedia.org/ontology/>PREFIX res: <http://dbpedia.org/resource/>PREFIX rdf: <http://www.w3.org/1999/02/22-rdf-syntax-ns#> SELECT DISTINCT ?uriWHERE {         res:Penguin_Books dbo:founder ?uri .}","","0.0","0.0","1.0","0.0","0.0","0.0"
"175","1.0","When was Jack Wolfskin founded?","""When was Jack Wolfskin founded?""","SELECT DISTINCT ?year WHERE {  <http://dbpedia.org/resource/Jack_Wolfskin> <http://dbpedia.org/ontology/foundingYear> ?year . } ","""select  ?o    {    <http://dbpedia.org/resource/Jack_Wolfskin> <http://dbpedia.org/ontology/foundingYear>  ?o .    }""","1.0","0.0","0.0","1.0","1.0","1.0"
"176","0.0","Who is the mayor of Rotterdam?","","PREFIX dbo: <http://dbpedia.org/ontology/>PREFIX res: <http://dbpedia.org/resource/>SELECT DISTINCT ?uriWHERE {        res:Rotterdam dbo:leaderName ?uri .}","","0.0","0.0","1.0","0.0","0.0","0.0"
"177","0.0","Give me all Swedish oceanographers.","Give me all Swedish oceanographers.","PREFIX dbo: <http://dbpedia.org/ontology/>PREFIX res: <http://dbpedia.org/resource/>SELECT DISTINCT ?uriWHERE {        ?uri dbo:field res:Oceanography .         ?uri dbo:birthPlace res:Sweden .        }","SELECT DISTINCT ?s WHERE { ?s <http://dbpedia.org/ontology/field>  <http://dbpedia.org/resource/Oceanography> . ?s <http://dbpedia.org/ontology/birthPlace> <http://dbpedia.org/resource/Sweden> . }","0.0","2.0","42.0","0.0","0.0","0.0"
"178","0.0","Show me Hemingway's autobiography.","","SELECT DISTINCT ?uri WHERE { ?uri <http://dbpedia.org/ontology/author> <http://dbpedia.org/resource/Ernest_Hemingway> . ?uri <http://dbpedia.org/ontology/literaryGenre> <http://dbpedia.org/resource/Autobiography> . }","","0.0","0.0","21.0","0.0","0.0","0.0"
"179","0.0","Who are the parents of the wife of Juan Carlos I?","","PREFIX dbo: <http://dbpedia.org/ontology/> PREFIX res: <http://dbpedia.org/resource/> SELECT DISTINCT ?uri WHERE {         res:Juan_Carlos_I_of_Spain dbo:spouse ?x .         ?x dbo:parent ?uri . }","","0.0","0.0","2.0","0.0","0.0","0.0"
"180","0.0","Did Tesla win a nobel prize in physics?","","PREFIX dbo: <http://dbpedia.org/ontology/>PREFIX res: <http://dbpedia.org/resource/>ASK WHERE {        res:Nikola_Tesla dbo:award res:Nobel_Prize_in_Physics .}","","0.0","0.0","1.0","0.0","0.0","0.0"
"181","0.0","Who is the tallest basketball player?","","SELECT DISTINCT ?uri WHERE {  ?uri <http://www.w3.org/1999/02/22-rdf-syntax-ns#type> <http://dbpedia.org/ontology/BasketballPlayer> .  ?uri <http://dbpedia.org/ontology/height> ?num . } ORDER BY DESC(?num) OFFSET 0 LIMIT 1 ","","0.0","0.0","1.0","0.0","0.0","0.0"
"182","0.0","Which city has the least inhabitants?","","SELECT DISTINCT ?uri WHERE {  ?uri <http://www.w3.org/1999/02/22-rdf-syntax-ns#type> <http://dbpedia.org/ontology/City> .  ?uri <http://dbpedia.org/ontology/populationTotal> ?pop . } ORDER BY ASC(?pop) OFFSET 0 LIMIT 1 ","","0.0","0.0","2.0","0.0","0.0","0.0"
"183","0.0","Is proinsulin a protein?","","PREFIX dbo: <http://dbpedia.org/ontology/>PREFIX res: <http://dbpedia.org/resource/>PREFIX rdf: <http://www.w3.org/1999/02/22-rdf-syntax-ns#>ASK WHERE {	res:Proinsulin rdf:type dbo:Protein .}","","0.0","0.0","1.0","0.0","0.0","0.0"
"184","0.0","Who were the parents of Queen Victoria?","","PREFIX dbo: <http://dbpedia.org/ontology/>PREFIX res: <http://dbpedia.org/resource/>SELECT DISTINCT ?uriWHERE {         res:Queen_Victoria dbo:parent ?uri .}","","0.0","0.0","2.0","0.0","0.0","0.0"
"185","0.0","Did Che Guevara have children?","","PREFIX dbo: <http://dbpedia.org/ontology/>PREFIX res: <http://dbpedia.org/resource/>ASKWHERE {         res:Che_Guevara dbo:child ?uri . }","","0.0","0.0","1.0","0.0","0.0","0.0"
"186","0.0","Is Lake Baikal bigger than the Great Bear Lake?","","PREFIX res: <http://dbpedia.org/resource/>PREFIX dbo: <http://dbpedia.org/ontology/> ASKWHERE {          res:Lake_Baikal dbo:areaTotal ?a1 .         res:Great_Bear_Lake dbo:areaTotal ?a2 .        FILTER (?a1 > ?a2)}","","0.0","0.0","1.0","0.0","0.0","0.0"
"187","0.0","Did Kaurismki ever win the Grand Prix at Cannes?","","ASK WHERE { <http://dbpedia.org/resource/Aki_Kaurismki> <http://dbpedia.org/ontology/award> <http://dbpedia.org/resource/Grand_Prix_(Cannes_Film_Festival)> . }","","0.0","0.0","1.0","0.0","0.0","0.0"
"188","0.0","Give me all books by William Goldman with more than 300 pages.","","PREFIX dbo: <http://dbpedia.org/ontology/>PREFIX res: <http://dbpedia.org/resource/>PREFIX rdf: <http://www.w3.org/1999/02/22-rdf-syntax-ns#>SELECT DISTINCT ?uri WHERE {        ?uri rdf:type dbo:Book .        ?uri dbo:author res:William_Goldman .        ?uri dbo:numberOfPages ?x .        FILTER (?x > 300)}","","0.0","0.0","10.0","0.0","0.0","0.0"
"189","0.7142857142857143","Where is Fort Knox located?","""Where is Fort Knox built?""","SELECT DISTINCT ?uri WHERE {  <http://dbpedia.org/resource/Fort_Knox> <http://dbpedia.org/property/location> ?uri . }","""select  ?o    {    <http://dbpedia.org/resource/Fort_Knox> <http://dbpedia.org/property/location>  ?o .    }""","1.0","0.0","0.0","1.0","1.0","1.0"
"190","0.0","In which U.S. state is Fort Knox located?","","PREFIX dbo: <http://dbpedia.org/ontology/>PREFIX dbp: <http://dbpedia.org/property/>PREFIX res: <http://dbpedia.org/resource/>SELECT DISTINCT ?uriWHERE {	res:Fort_Knox dbp:location ?uri .        ?uri dbo:country res:United_States .}","","0.0","0.0","1.0","0.0","0.0","0.0"
"191","0.0","Where is Syngman Rhee buried?","","SELECT DISTINCT ?uri WHERE { <http://dbpedia.org/resource/Syngman_Rhee> <http://dbpedia.org/ontology/restingPlace> ?uri . } ","","0.0","0.0","1.0","0.0","0.0","0.0"
"192","0.6666666666666666","What is the timezone in San Pedro de Atacama?","""What is the town in  San Pedro de Atacama""","SELECT DISTINCT ?uri WHERE {  <http://dbpedia.org/resource/San_Pedro_de_Atacama> <http://dbpedia.org/ontology/timeZone> ?uri . } ","""select  ?o    {    <http://dbpedia.org/resource/San_Pedro_de_Atacama> <http://dbpedia.org/ontology/timeZone>  ?o .    }""","1.0","0.0","0.0","1.0","1.0","1.0"
"193","0.0","To which artistic movement did the painter of The Three Dancers belong?","","SELECT DISTINCT ?uri WHERE {  <http://dbpedia.org/resource/The_Three_Dancers> <http://dbpedia.org/ontology/author> ?person .  ?person <http://dbpedia.org/ontology/movement> ?uri . } ","","0.0","0.0","1.0","0.0","0.0","0.0"
"194","0.0","Which scientist is known for the Manhattan Project and the Nobel Peace Prize?","","PREFIX res: <http://dbpedia.org/resource/>PREFIX dbo: <http://dbpedia.org/ontology/> PREFIX rdf: <http://www.w3.org/1999/02/22-rdf-syntax-ns#>SELECT DISTINCT ?uriWHERE {        ?uri dbo:knownFor res:Manhattan_Project .        ?uri rdf:type dbo:Scientist .        ?uri dbo:knownFor res:Nobel_Peace_Prize .}","","0.0","0.0","7.0","0.0","0.0","0.0"
"195","0.5454545454545454","Show me all books in Asimov's Foundation series.","""Show me all character in  Foundation series""","SELECT DISTINCT ?uri WHERE { ?uri <http://dbpedia.org/ontology/series> <http://dbpedia.org/resource/Foundation_series> . } ","""select  ?s    {   ?s <http://dbpedia.org/ontology/series>  <http://dbpedia.org/resource/Foundation_series> .   ?s <http://www.w3.org/1999/02/22-rdf-syntax-ns#type>  <http://dbpedia.org/ontology/TelevisionShow> .    }""","0.0","11.0","1.0","0.0","0.0","0.0"
"196","0.0","Give me all cities in New Jersey with more than 100000 inhabitants.","","PREFIX dbo: <http://dbpedia.org/ontology/>PREFIX dbp: <http://dbpedia.org/property/>PREFIX res: <http://dbpedia.org/resource/>PREFIX rdf: <http://www.w3.org/1999/02/22-rdf-syntax-ns#>SELECT DISTINCT ?uri WHERE {	?uri rdf:type dbo:City .        ?uri dbo:isPartOf res:New_Jersey .        ?uri dbp:populationTotal ?inhabitants .        FILTER (?inhabitants > 100000) .}","","0.0","0.0","0.0","0.0","0.0","0.0"
"197","0.0","Which museum in New York has the most visitors?","","SELECT DISTINCT ?uri WHERE {  ?uri <http://www.w3.org/1999/02/22-rdf-syntax-ns#type> <http://dbpedia.org/ontology/Museum> .  ?uri <http://dbpedia.org/ontology/location> <http://dbpedia.org/resource/New_York_City> .  ?uri <http://dbpedia.org/ontology/numberOfVisitors> ?num . } ORDER BY DESC(?num) OFFSET 0 LIMIT 1 ","","0.0","0.0","1.0","0.0","0.0","0.0"
"198","0.0","How high is the Yokohama Marine Tower?","","PREFIX dbo: <http://dbpedia.org/ontology/>PREFIX res: <http://dbpedia.org/resource/>SELECT DISTINCT ?numWHERE {        res:Yokohama_Marine_Tower dbo:height ?num .}","","0.0","0.0","1.0","0.0","0.0","0.0"
"199","0.0","Does the new Battlestar Galactica series have more episodes than the old one?","","PREFIX dbo: <http://dbpedia.org/ontology/>PREFIX res: <http://dbpedia.org/resource/>ASK WHERE {	<http://dbpedia.org/resource/Battlestar_Galactica_%281978_TV_series%29> dbo:numberOfEpisodes ?x .	<http://dbpedia.org/resource/Battlestar_Galactica_%282004_TV_series%29> dbo:numberOfEpisodes ?y .	FILTER (?y > ?x)}","","0.0","0.0","1.0","0.0","0.0","0.0"
"200","0.0","Who is the youngest Darts player?","","PREFIX dbo: <http://dbpedia.org/ontology/>PREFIX rdf: <http://www.w3.org/1999/02/22-rdf-syntax-ns#>SELECT DISTINCT ?uriWHERE {        ?uri rdf:type dbo:DartsPlayer .        ?uri dbo:birthDate ?date .}ORDER BY DESC(?date)OFFSET 0 LIMIT 1","","0.0","0.0","1.0","0.0","0.0","0.0"
"201","0.8","Who developed the video game World of Warcraft?","""the video game developed  World of Warcraft?""","PREFIX dbo: <http://dbpedia.org/ontology/>PREFIX res: <http://dbpedia.org/resource/>SELECT DISTINCT ?uri WHERE {	res:World_of_Warcraft dbo:developer ?uri . }","""select  ?o    {    <http://dbpedia.org/resource/World_of_Warcraft> <http://dbpedia.org/ontology/developer>  ?o .    }""","1.0","0.0","0.0","1.0","1.0","1.0"
"202","0.0","Who was the pope that founded the Vatican Television?","","PREFIX dbo: <http://dbpedia.org/ontology/> PREFIX res: <http://dbpedia.org/resource/> PREFIX rdf: <http://www.w3.org/1999/02/22-rdf-syntax-ns#> SELECT ?uri WHERE {          ?uri rdf:type dbo:Pope .          res:Vatican_Television_Center dbo:foundedBy ?uri .}","","0.0","0.0","1.0","0.0","0.0","0.0"
"203","0.0","Who composed the music for Harold and Maude?","","PREFIX res: <http://dbpedia.org/resource/>PREFIX dbo: <http://dbpedia.org/ontology/>SELECT DISTINCT ?uri WHERE {	res:Harold_and_Maude dbo:musicComposer ?uri .}","","0.0","0.0","1.0","0.0","0.0","0.0"
"204","0.0","Give me all members of Prodigy.","","SELECT DISTINCT ?uri WHERE {  <http://dbpedia.org/resource/The_Prodigy> <http://dbpedia.org/ontology/bandMember> ?uri . } ","","0.0","0.0","3.0","0.0","0.0","0.0"
"205","0.0","Who is starring in Spanish movies produced by Benicio del Toro?","","SELECT DISTINCT ?uri WHERE { ?film <http://www.w3.org/1999/02/22-rdf-syntax-ns#type> <http://dbpedia.org/ontology/Film> . ?film <http://dbpedia.org/ontology/country> <http://dbpedia.org/resource/Spain> . ?film <http://dbpedia.org/ontology/producer> <http://dbpedia.org/resource/Benicio_del_Toro> . ?film <http://dbpedia.org/ontology/starring> ?uri . ?uri <http://www.w3.org/1999/02/22-rdf-syntax-ns#type> <http://dbpedia.org/ontology/Person> . } ","","0.0","0.0","3.0","0.0","0.0","0.0"
"206","0.0","Which subsidiary of TUI Travel serves both Glasgow and Dublin?","","SELECT DISTINCT ?uri WHERE { <http://dbpedia.org/resource/TUI_Travel> <http://dbpedia.org/ontology/subsidiary> ?uri .  ?uri <http://dbpedia.org/ontology/targetAirport> <http://dbpedia.org/resource/Glasgow_Airport> . ?uri <http://dbpedia.org/ontology/targetAirport> <http://dbpedia.org/resource/Dublin_Airport> . } ","","0.0","0.0","2.0","0.0","0.0","0.0"
"207","0.75","In which country is Mecca located?","""in which country is the Mecca?""","PREFIX res: <http://dbpedia.org/resource/>PREFIX dbo: <http://dbpedia.org/ontology/> SELECT DISTINCT ?uri WHERE {          res:Mecca dbo:country ?uri .}","""select  ?o    {    <http://dbpedia.org/resource/Mecca> <http://dbpedia.org/ontology/country>  ?o .   ?o <http://www.w3.org/1999/02/22-rdf-syntax-ns#type>  <http://dbpedia.org/ontology/City> .    }""","0.0","0.0","1.0","0.0","0.0","0.0"
"208","0.0","How many languages are spoken in Colombia?","How many languages are spoken in Turkmenistan?","SELECT (COUNT(DISTINCT ?uri) as ?c) WHERE {  ?uri <http://www.w3.org/1999/02/22-rdf-syntax-ns#type> <http://dbpedia.org/ontology/Language> .  <http://dbpedia.org/resource/Colombia> <http://dbpedia.org/ontology/language> ?uri . } ","select (COUNT(distinct ?objOfProp) as ?c) Where { <http://dbpedia.org/resource/Turkmenistan> <http://dbpedia.org/ontology/language> ?objOfProp . }","1.0","0.0","0.0","1.0","1.0","1.0"
"209","0.0","What is the biggest stadium in Spain?","","SELECT DISTINCT ?uri WHERE { ?uri a <http://dbpedia.org/ontology/Stadium> . ?uri <http://dbpedia.org/ontology/location> <http://dbpedia.org/resource/Spain> . ?uri <http://dbpedia.org/ontology/seatingCapacity> ?n . } ORDER BY DESC(?n) OFFSET 0 LIMIT 1","","0.0","0.0","1.0","0.0","0.0","0.0"
"210","1.0","Which professional surfers were born on the Philippines?","Which professional surfers were born on the Philippines?","PREFIX dbo: <http://dbpedia.org/ontology/>PREFIX res: <http://dbpedia.org/resource/>SELECT DISTINCT ?uriWHERE {	?uri dbo:occupation res:Surfing .	?uri dbo:birthPlace res:Philippines .}","select ?s {?s <http://dbpedia.org/ontology/birthPlace> <http://dbpedia.org/resource/Philippines> . ?s <http://dbpedia.org/ontology/occupation> <http://dbpedia.org/resource/Surfing> . }","14.0","0.0","0.0","1.0","1.0","1.0"
"211","0.0","What are the five boroughs of New York?","","SELECT DISTINCT ?uri WHERE { ?uri <http://dbpedia.org/ontology/governmentType> <http://dbpedia.org/resource/Borough_(New_York_City)> . }","","0.0","0.0","5.0","0.0","0.0","0.0"
"212","0.0","Is Cola a beverage?","","PREFIX dbo: <http://dbpedia.org/ontology/>PREFIX res: <http://dbpedia.org/resource/>PREFIX rdf: <http://www.w3.org/1999/02/22-rdf-syntax-ns#>ASK WHERE {        res:Cola rdf:type dbo:Beverage .}","","0.0","0.0","1.0","0.0","0.0","0.0"
"213","1.0","When did princess Diana die?"," When did princess Diana die?","SELECT DISTINCT ?d WHERE { <http://dbpedia.org/resource/Diana,_Princess_of_Wales> <http://dbpedia.org/ontology/deathDate> ?d . }"," select distinct ?d Where { <http://dbpedia.org/resource/Diana","0.0","0.0","1.0","0.0","0.0","0.0"
"214","0.625","Where in France is sparkling wine produced?","""Where is France produced?""","PREFIX res: <http://dbpedia.org/resource/>PREFIX dbo: <http://dbpedia.org/ontology/> SELECT DISTINCT ?uriWHERE {        ?uri dbo:wineProduced res:Sparkling_wine .        ?uri dbo:location res:France .}","""select  ?s    {   ?s <http://dbpedia.org/ontology/location>  <http://dbpedia.org/resource/France> .   ?s <http://www.w3.org/1999/02/22-rdf-syntax-ns#type>  <http://dbpedia.org/ontology/City> .    }""","0.0","0.0","8.0","0.0","0.0","0.0"
"","","","","","","158.0","30.0","713.0","0.84042555","0.18140069","0.29839468"
